id,first_name,last_name
1,Sabrina,Delue
2,Bucky,Aldrich
3,Dudley,Hebblewhite
4,Claudius,Birchenhead
5,Fabio,Muttitt
6,Anderea,Littlemore
7,Tracee,Makin
8,Brianna,Kastel
9,Kira,Bickersteth
10,Tanya,Mathissen
11,Rodolphe,Ridges
12,Marion,Cavet
13,Lyn,Botler
14,Eleonora,Hawkings
15,Joseph,Wordington
16,Turner,Jacobowits
17,Kariotta,Matys
18,Em,Skedge
19,Caddric,Middlemiss
20,Doretta,Stannislawski
21,Agatha,McKelloch
22,Nolana,Niccolls
23,Hervey,Althrop
24,Merilyn,Carnie
25,Amargo,Zellner
26,Wendie,Ebbotts
27,Alfons,Lethem
28,Vic,Purrington
29,Dinah,Roden
30,Xylia,Bonifazio
31,Kellyann,Martinat
32,Iggie,Yusupov
33,Meryl,Rantoul
34,Selle,Geraghty
35,Jory,Steels
36,Rees,Balogun
37,Aharon,Vergine
38,Tessy,Jacquest
39,Winonah,Wilfing
40,Aida,Orviss
41,Odey,Hadden
42,See,Gallimore
43,Pansie,Bulter
44,Garey,Bothe
45,Duke,Desforges
46,Earle,Plinck
47,Kassie,Sherwin
48,Marielle,Gligorijevic
49,Demetris,Ord
50,Nollie,Epps
51,Isaiah,Matas
52,Deva,Poundsford
53,Vernon,Stearnes
54,Caril,Radnage
55,Hasty,Beardshall
56,Jerrold,Coupman
57,Teirtza,Hardy-Piggin
58,Mallissa,Ivimy
59,Fidela,Lettice
60,Constantino,Wakeman
61,Tansy,Alessandretti
62,Chrissie,Billany
63,Claudie,Oakenfull
64,Avril,Sagg
65,Sheila-kathryn,Mocher
66,Larry,Parton
67,Filberte,Redpath
68,Athene,Lorkins
69,Christian,Skillings
70,Alika,Tyrrell
71,Cicily,Maciunas
72,Ardenia,Norval
73,Hieronymus,Kitchen
74,Christye,Engelmann
75,Gaspar,Arbuckel
76,Zondra,Midlar
77,Camila,Cassey
78,Carine,Safhill
79,Merle,Escolme
80,Elwin,Carroll
81,Darryl,Southerden
82,Dore,Sparway
83,Alley,Feye
84,Andris,Schafer
85,Davine,Stronghill
86,Kaye,Oldnall
87,Em,Gluyas
88,Roth,Baptist
89,Winn,Pritty
90,Jason,Kassel
91,Saloma,Cleveland
92,Becky,Tomlett
93,Zorina,Guislin
94,Xena,Wybern
95,Ruth,Renwick
96,Debra,Wofenden
97,Urson,Copping
98,Filberte,Grunnell
99,Adorne,Birmingham
100,Meggi,Spavon